{"epoch": 399, "loss": 1.3714532534674426, "accuracy": 0.9897562698693041, "LR": 1.0000000000000002e-06, "_timestamp": 1657068274, "_runtime": 53547, "_step": 399, "_wandb": {"runtime": 53547}}