{"epoch": 399, "loss": 1.0146637414308155, "accuracy": 0.9926470588235294, "LR": 1.0000000000000002e-06, "_timestamp": 1656633431, "_runtime": 5337, "_step": 399, "_wandb": {"runtime": 5338}}