{"epoch": 500, "loss": 0.54362046006963, "accuracy": 0.9643235605793006, "LR": 5.000000000000001e-08, "_timestamp": 1654788079, "_runtime": 72128, "_step": 500, "_wandb": {"runtime": 72129}}