{"epoch": 499, "loss": 0.2535555942004986, "accuracy": 0.9887640449438202, "LR": 5.000000000000001e-08, "_timestamp": 1655921325, "_runtime": 5161, "_step": 499, "_wandb": {"runtime": 5161}}