{"epoch": 0, "loss": 4.8833300962167625, "accuracy": 0.0, "LR": 0.0003333333333333333, "_timestamp": 1656627947, "_runtime": 24, "_step": 0, "_wandb": {"runtime": 37}}