{"epoch": 165, "loss": 1.3949755690031278, "accuracy": 0.9879901095019428, "LR": 0.0001, "_timestamp": 1656868674, "_runtime": 22190, "_step": 165}