{"epoch": 48, "loss": 1.9604873550072144, "accuracy": 0.9269662921348315, "LR": 0.0005, "_timestamp": 1655916146, "_runtime": 511, "_step": 48, "_wandb": {"runtime": 515}}