{"epoch": 32, "loss": 2.180473054392954, "accuracy": 0.8932584269662921, "LR": 0.001, "_timestamp": 1656623489, "_runtime": 291, "_step": 32, "_wandb": {"runtime": 292}}