{"epoch": 399, "loss": 0.8975963378220462, "accuracy": 0.9550561797752809, "LR": 1.0000000000000002e-06, "_timestamp": 1656626934, "_runtime": 3423, "_step": 399, "_wandb": {"runtime": 3423}}