{"epoch": 336, "loss": 1.1233144218475166, "accuracy": 0.9983128464690287, "LR": 1.0000000000000002e-06, "_timestamp": 1657232238, "_runtime": 131254, "_step": 336}