{"epoch": 12, "loss": 2.535379353877463, "accuracy": 0.6928175463967221, "LR": 0.001, "_timestamp": 1657106048, "_runtime": 5064, "_step": 12}